{"cameraMode":{"drawMode":0,"name":"Shaded","section":"Shading Mode"},"sceneLighting":false,"audioPlay":false,"sceneViewState":{"showFog":true,"showMaterialUpdate":false,"showSkybox":true,"showFlares":true,"showImageEffects":true,"showParticleSystems":true},"in2DMode":false,"pivot":{"x":0.6735904216766357,"y":0.546178936958313,"z":-0.0894773006439209},"rotation":{"x":-0.007524420972913504,"y":0.9891472458839417,"z":-0.1361759901046753,"w":-0.05465604364871979},"size":1.453326940536499,"orthographic":false}