{"cameraMode":{"drawMode":0,"name":"Shaded","section":"Shading Mode"},"sceneLighting":true,"audioPlay":false,"sceneViewState":{"showFog":true,"showMaterialUpdate":false,"showSkybox":true,"showFlares":true,"showImageEffects":true,"showParticleSystems":true},"in2DMode":false,"pivot":{"x":-9.68441104888916,"y":-22.02701187133789,"z":13.49399185180664},"rotation":{"x":-0.41261574625968935,"y":0.20003466308116914,"z":-0.09339465200901032,"w":-0.8837487697601318},"size":48.41888427734375,"orthographic":false}