{"cameraMode":{"drawMode":0,"name":"Shaded","section":"Shading Mode"},"sceneLighting":false,"audioPlay":false,"sceneViewState":{"showFog":true,"showMaterialUpdate":false,"showSkybox":true,"showFlares":true,"showImageEffects":true,"showParticleSystems":true},"in2DMode":false,"pivot":{"x":-0.3219597339630127,"y":0.2842243015766144,"z":0.1469319760799408},"rotation":{"x":-0.06416483223438263,"y":0.8835211992263794,"z":-0.1270403414964676,"w":-0.4462442398071289},"size":1.2675052881240845,"orthographic":false}