{"cameraMode":{"drawMode":0,"name":"Shaded","section":"Shading Mode"},"sceneLighting":false,"audioPlay":false,"sceneViewState":{"showFog":true,"showMaterialUpdate":false,"showSkybox":true,"showFlares":true,"showImageEffects":true,"showParticleSystems":true},"in2DMode":false,"pivot":{"x":0.8086400032043457,"y":0.5521290302276611,"z":0.6044914722442627},"rotation":{"x":-0.021757837384939195,"y":0.9602672457695007,"z":-0.07825183868408203,"w":-0.2670021653175354},"size":0.5633779764175415,"orthographic":false}