{"cameraMode":{"drawMode":0,"name":"Shaded","section":"Shading Mode"},"sceneLighting":false,"audioPlay":false,"sceneViewState":{"showFog":true,"showMaterialUpdate":false,"showSkybox":true,"showFlares":true,"showImageEffects":true,"showParticleSystems":true},"in2DMode":false,"pivot":{"x":0.0687742680311203,"y":0.5347774624824524,"z":0.4359859824180603},"rotation":{"x":-0.0008618381107226014,"y":0.9884830117225647,"z":-0.15122494101524354,"w":-0.005633691791445017},"size":1.2446995973587037,"orthographic":false}