{"cameraMode":{"drawMode":0,"name":"Shaded","section":"Shading Mode"},"sceneLighting":false,"audioPlay":false,"sceneViewState":{"showFog":true,"showMaterialUpdate":false,"showSkybox":true,"showFlares":true,"showImageEffects":true,"showParticleSystems":true},"in2DMode":false,"pivot":{"x":-0.37099945545196535,"y":0.4242814779281616,"z":0.978331446647644},"rotation":{"x":-0.026687348261475564,"y":0.9707655906677246,"z":-0.12919647991657258,"w":-0.2005251944065094},"size":1.9644752740859986,"orthographic":false}