{"cameraMode":{"drawMode":0,"name":"Shaded","section":"Shading Mode"},"sceneLighting":false,"audioPlay":false,"sceneViewState":{"showFog":true,"showMaterialUpdate":false,"showSkybox":true,"showFlares":true,"showImageEffects":true,"showParticleSystems":true},"in2DMode":false,"pivot":{"x":0.05787462368607521,"y":0.15461941063404084,"z":-0.7096747756004334},"rotation":{"x":-0.010036174207925797,"y":0.9848282337188721,"z":-0.060949720442295077,"w":-0.16216611862182618},"size":1.727250576019287,"orthographic":false}