{"cameraMode":{"drawMode":0,"name":"Shaded","section":"Shading Mode"},"sceneLighting":false,"audioPlay":false,"sceneViewState":{"showFog":true,"showMaterialUpdate":false,"showSkybox":true,"showFlares":true,"showImageEffects":true,"showParticleSystems":true},"in2DMode":false,"pivot":{"x":0.22499161958694459,"y":-0.40245163440704348,"z":-0.27301228046417239},"rotation":{"x":-0.03751548379659653,"y":0.948756217956543,"z":-0.12337224930524826,"w":-0.2885023355484009},"size":1.739278793334961,"orthographic":false}