{"cameraMode":{"drawMode":0,"name":"Shaded","section":"Shading Mode"},"sceneLighting":false,"audioPlay":false,"sceneViewState":{"showFog":true,"showMaterialUpdate":false,"showSkybox":true,"showFlares":true,"showImageEffects":true,"showParticleSystems":true},"in2DMode":false,"pivot":{"x":0.22730696201324464,"y":0.4219856858253479,"z":0.9431731700897217},"rotation":{"x":-0.04692573472857475,"y":0.9137444496154785,"z":-0.11046621948480606,"w":-0.38815754652023318},"size":1.9373486042022706,"orthographic":false}