{"cameraMode":{"drawMode":0,"name":"Shaded","section":"Shading Mode"},"sceneLighting":false,"audioPlay":false,"sceneViewState":{"showFog":true,"showMaterialUpdate":false,"showSkybox":true,"showFlares":true,"showImageEffects":true,"showParticleSystems":true},"in2DMode":false,"pivot":{"x":-0.2785688638687134,"y":0.4927186369895935,"z":0.37538254261016848},"rotation":{"x":-0.019534874707460405,"y":0.9800332188606262,"z":-0.12445033341646195,"w":-0.15383592247962953},"size":1.9343690872192383,"orthographic":false}