{"cameraMode":{"drawMode":0,"name":"Shaded","section":"Shading Mode"},"sceneLighting":false,"audioPlay":false,"sceneViewState":{"showFog":true,"showMaterialUpdate":false,"showSkybox":true,"showFlares":true,"showImageEffects":true,"showParticleSystems":true},"in2DMode":false,"pivot":{"x":-0.44707977771759035,"y":0.37749385833740237,"z":-1.6769849061965943},"rotation":{"x":-0.006402487400919199,"y":0.9935485124588013,"z":-0.07496566325426102,"w":-0.08485586196184159},"size":3.112813711166382,"orthographic":false}