{"cameraMode":{"drawMode":0,"name":"Shaded","section":"Shading Mode"},"sceneLighting":true,"audioPlay":false,"sceneViewState":{"showFog":true,"showMaterialUpdate":false,"showSkybox":true,"showFlares":true,"showImageEffects":true,"showParticleSystems":true},"in2DMode":false,"pivot":{"x":-6.019115924835205,"y":-18.680227279663087,"z":18.72263526916504},"rotation":{"x":-0.370102196931839,"y":0.12539711594581605,"z":-0.050494566559791568,"w":-0.9191030263900757},"size":46.005428314208987,"orthographic":false}
