{"cameraMode":{"drawMode":0,"name":"Shaded","section":"Shading Mode"},"sceneLighting":false,"audioPlay":false,"sceneViewState":{"showFog":true,"showMaterialUpdate":false,"showSkybox":true,"showFlares":true,"showImageEffects":true,"showParticleSystems":true},"in2DMode":false,"pivot":{"x":0.06498834490776062,"y":-0.2552228569984436,"z":0.2355877161026001},"rotation":{"x":-0.005018660798668861,"y":0.9885911345481873,"z":-0.14669173955917359,"w":-0.03382216766476631},"size":1.9347782135009766,"orthographic":false}