{"cameraMode":{"drawMode":0,"name":"Shaded","section":"Shading Mode"},"sceneLighting":false,"audioPlay":false,"sceneViewState":{"showFog":true,"showMaterialUpdate":false,"showSkybox":true,"showFlares":true,"showImageEffects":true,"showParticleSystems":true},"in2DMode":false,"pivot":{"x":-0.08840682357549668,"y":0.3316062092781067,"z":0.1869446039199829},"rotation":{"x":-0.01631578616797924,"y":0.9832158088684082,"z":-0.1428808569908142,"w":-0.1122751533985138},"size":1.3957983255386353,"orthographic":false}