{"cameraMode":{"drawMode":0,"name":"Shaded","section":"Shading Mode"},"sceneLighting":true,"audioPlay":false,"sceneViewState":{"showFog":true,"showMaterialUpdate":false,"showSkybox":true,"showFlares":true,"showImageEffects":true,"showParticleSystems":true},"in2DMode":false,"pivot":{"x":-11.091265678405762,"y":-13.637459754943848,"z":2.995906114578247},"rotation":{"x":0.4053276777267456,"y":-0.148140087723732,"z":0.06674478203058243,"w":0.8996161222457886},"size":22.0,"orthographic":false}