{"cameraMode":{"drawMode":0,"name":"Shaded","section":"Shading Mode"},"sceneLighting":false,"audioPlay":false,"sceneViewState":{"showFog":true,"showMaterialUpdate":false,"showSkybox":true,"showFlares":true,"showImageEffects":true,"showParticleSystems":true},"in2DMode":false,"pivot":{"x":-0.018533870577812196,"y":0.09556309878826142,"z":0.04738292843103409},"rotation":{"x":-0.03393811732530594,"y":0.9250490069389343,"z":-0.0851680114865303,"w":-0.3686177730560303},"size":1.312448263168335,"orthographic":false}