{"cameraMode":{"drawMode":0,"name":"Shaded","section":"Shading Mode"},"sceneLighting":false,"audioPlay":false,"sceneViewState":{"showFog":true,"showMaterialUpdate":false,"showSkybox":true,"showFlares":true,"showImageEffects":true,"showParticleSystems":true},"in2DMode":false,"pivot":{"x":0.055465519428253177,"y":0.204682856798172,"z":0.08555483818054199},"rotation":{"x":-0.04523118957877159,"y":0.9527286291122437,"z":-0.17810587584972382,"w":-0.24195191264152528},"size":1.3031507730484009,"orthographic":false}