{"cameraMode":{"drawMode":0,"name":"Shaded","section":"Shading Mode"},"sceneLighting":true,"audioPlay":false,"sceneViewState":{"showFog":true,"showMaterialUpdate":false,"showSkybox":true,"showFlares":true,"showImageEffects":true,"showParticleSystems":true},"in2DMode":false,"pivot":{"x":-1.5468922853469849,"y":-3.517305374145508,"z":1.2245368957519532},"rotation":{"x":-0.4419839680194855,"y":0.09841340780258179,"z":-0.04885781928896904,"w":-0.8902684450149536},"size":23.2368221282959,"orthographic":false}