{"cameraMode":{"drawMode":0,"name":"Shaded","section":"Shading Mode"},"sceneLighting":false,"audioPlay":false,"sceneViewState":{"showFog":true,"showMaterialUpdate":false,"showSkybox":true,"showFlares":true,"showImageEffects":true,"showParticleSystems":true},"in2DMode":false,"pivot":{"x":0.0772368311882019,"y":0.44321030378341677,"z":-0.0032994747161865236},"rotation":{"x":-0.5820662975311279,"y":0.009022849611938,"z":-0.006458830088376999,"w":-0.8130656480789185},"size":3.1117491722106935,"orthographic":false}