{"cameraMode":{"drawMode":0,"name":"Shaded","section":"Shading Mode"},"sceneLighting":false,"audioPlay":false,"sceneViewState":{"showFog":true,"showMaterialUpdate":false,"showSkybox":true,"showFlares":true,"showImageEffects":true,"showParticleSystems":true},"in2DMode":false,"pivot":{"x":-0.0744299590587616,"y":-0.43060481548309328,"z":0.12144827842712403},"rotation":{"x":-0.14843252301216126,"y":0.13071796298027039,"z":-0.019797343760728837,"w":-0.9800452589988709},"size":4.357883930206299,"orthographic":false}