{"cameraMode":{"drawMode":0,"name":"Shaded","section":"Shading Mode"},"sceneLighting":false,"audioPlay":false,"sceneViewState":{"showFog":true,"showMaterialUpdate":false,"showSkybox":true,"showFlares":true,"showImageEffects":true,"showParticleSystems":true},"in2DMode":false,"pivot":{"x":0.9314670562744141,"y":1.3349562883377076,"z":0.4403536915779114},"rotation":{"x":-0.4477577209472656,"y":0.4555448591709137,"z":-0.28548282384872439,"w":-0.7144868969917297},"size":10.376046180725098,"orthographic":false}