{"cameraMode":{"drawMode":0,"name":"Shaded","section":"Shading Mode"},"sceneLighting":false,"audioPlay":false,"sceneViewState":{"showFog":true,"showMaterialUpdate":false,"showSkybox":true,"showFlares":true,"showImageEffects":true,"showParticleSystems":true},"in2DMode":false,"pivot":{"x":0.004953576717525721,"y":0.011384567245841027,"z":0.0005523469299077988},"rotation":{"x":0.11685055494308472,"y":0.8672617673873901,"z":-0.2417127639055252,"w":0.41925886273384097},"size":4.588168621063232,"orthographic":false}