{"cameraMode":{"drawMode":0,"name":"Shaded","section":"Shading Mode"},"sceneLighting":false,"audioPlay":false,"sceneViewState":{"showFog":true,"showMaterialUpdate":false,"showSkybox":true,"showFlares":true,"showImageEffects":true,"showParticleSystems":true},"in2DMode":false,"pivot":{"x":-0.04112362861633301,"y":0.5969932079315186,"z":-0.12455689907073975},"rotation":{"x":0.11685055494308472,"y":0.8672617673873901,"z":-0.2417127639055252,"w":0.41925886273384097},"size":5.757501602172852,"orthographic":false}