{"cameraMode":{"drawMode":0,"name":"Shaded","section":"Shading Mode"},"sceneLighting":false,"audioPlay":false,"sceneViewState":{"showFog":true,"showMaterialUpdate":false,"showSkybox":true,"showFlares":true,"showImageEffects":true,"showParticleSystems":true},"in2DMode":false,"pivot":{"x":0.13309243321418763,"y":0.5078922510147095,"z":0.0070950984954833988},"rotation":{"x":0.11685055494308472,"y":0.8672617673873901,"z":-0.2417127639055252,"w":0.41925886273384097},"size":3.101774215698242,"orthographic":false}