{"cameraMode":{"drawMode":0,"name":"Shaded","section":"Shading Mode"},"sceneLighting":false,"audioPlay":false,"sceneViewState":{"showFog":true,"showMaterialUpdate":false,"showSkybox":true,"showFlares":true,"showImageEffects":true,"showParticleSystems":true},"in2DMode":false,"pivot":{"x":0.9314670562744141,"y":1.3349562883377076,"z":0.4403536915779114},"rotation":{"x":0.09175771474838257,"y":0.9064422845840454,"z":-0.3199383616447449,"w":0.2599662244319916},"size":10.376046180725098,"orthographic":false}