{"cameraMode":{"drawMode":0,"name":"Shaded","section":"Shading Mode"},"sceneLighting":false,"audioPlay":false,"sceneViewState":{"showFog":true,"showMaterialUpdate":false,"showSkybox":true,"showFlares":true,"showImageEffects":true,"showParticleSystems":true},"in2DMode":false,"pivot":{"x":-0.1516929566860199,"y":0.7567977905273438,"z":0.324015736579895},"rotation":{"x":0.11685055494308472,"y":0.8672617673873901,"z":-0.2417127639055252,"w":0.41925886273384097},"size":6.145865440368652,"orthographic":false}