{"cameraMode":{"drawMode":0,"name":"Shaded","section":"Shading Mode"},"sceneLighting":false,"audioPlay":false,"sceneViewState":{"showFog":true,"showMaterialUpdate":false,"showSkybox":true,"showFlares":true,"showImageEffects":true,"showParticleSystems":true},"in2DMode":false,"pivot":{"x":-6.333244323730469,"y":2.8500962257385256,"z":-0.17960548400878907},"rotation":{"x":0.019705815240740777,"y":-0.48307666182518008,"z":0.010875644162297249,"w":0.875288724899292},"size":35.506309509277347,"orthographic":false}