{"cameraMode":{"drawMode":0,"name":"Shaded","section":"Shading Mode"},"sceneLighting":false,"audioPlay":false,"sceneViewState":{"showFog":true,"showMaterialUpdate":false,"showSkybox":true,"showFlares":true,"showImageEffects":true,"showParticleSystems":true},"in2DMode":false,"pivot":{"x":-5.579987525939941,"y":0.6260881423950195,"z":1.61710786819458},"rotation":{"x":0.10594042390584946,"y":-0.5626522898674011,"z":0.07299287617206574,"w":0.8166217803955078},"size":16.45970344543457,"orthographic":false}