{"cameraMode":{"drawMode":0,"name":"Shaded","section":"Shading Mode"},"sceneLighting":false,"audioPlay":false,"sceneViewState":{"showFog":true,"showMaterialUpdate":false,"showSkybox":true,"showFlares":true,"showImageEffects":true,"showParticleSystems":true},"in2DMode":false,"pivot":{"x":0.38882574439048769,"y":0.6113883852958679,"z":-0.005356788635253906},"rotation":{"x":0.08389682322740555,"y":-0.018239183351397516,"z":0.001535793300718069,"w":0.9963063597679138},"size":3.3345935344696047,"orthographic":false}