{"cameraMode":{"drawMode":0,"name":"Shaded","section":"Shading Mode"},"sceneLighting":false,"audioPlay":false,"sceneViewState":{"showFog":true,"showMaterialUpdate":false,"showSkybox":true,"showFlares":true,"showImageEffects":true,"showParticleSystems":true},"in2DMode":false,"pivot":{"x":432.3564758300781,"y":239.25270080566407,"z":154.232666015625},"rotation":{"x":0.027305807918310167,"y":0.004792385268956423,"z":-0.0001314913824899122,"w":0.9996156692504883},"size":857.355224609375,"orthographic":false}