{"cameraMode":{"drawMode":0,"name":"Shaded","section":"Shading Mode"},"sceneLighting":false,"audioPlay":false,"sceneViewState":{"showFog":true,"showMaterialUpdate":false,"showSkybox":true,"showFlares":true,"showImageEffects":true,"showParticleSystems":true},"in2DMode":false,"pivot":{"x":1.701789140701294,"y":2.353114366531372,"z":-0.8090865612030029},"rotation":{"x":0.3702457547187805,"y":-0.1797129511833191,"z":0.0732443630695343,"w":0.9084363579750061},"size":2.3392786979675295,"orthographic":false}