{"cameraMode":{"drawMode":0,"name":"Shaded","section":"Shading Mode"},"sceneLighting":true,"audioPlay":false,"sceneViewState":{"showFog":true,"showMaterialUpdate":false,"showSkybox":true,"showFlares":true,"showImageEffects":true,"showParticleSystems":true},"in2DMode":false,"pivot":{"x":414.87335205078127,"y":186.30572509765626,"z":-2.771820068359375},"rotation":{"x":0.02730616368353367,"y":0.00029404726228676736,"z":-0.000008616168997832574,"w":0.9996271133422852},"size":372.7685852050781,"orthographic":false}