{"cameraMode":{"drawMode":0,"name":"Shaded","section":"Shading Mode"},"sceneLighting":true,"audioPlay":false,"sceneViewState":{"showFog":true,"showMaterialUpdate":false,"showSkybox":true,"showFlares":true,"showImageEffects":true,"showParticleSystems":true},"in2DMode":false,"pivot":{"x":439.07281494140627,"y":320.36297607421877,"z":-532.8709716796875},"rotation":{"x":0.025506382808089258,"y":-0.006302657071501017,"z":0.00016072455036919564,"w":0.9996548295021057},"size":238.58045959472657,"orthographic":false}