{"cameraMode":{"drawMode":0,"name":"Shaded","section":"Shading Mode"},"sceneLighting":false,"audioPlay":false,"sceneViewState":{"showFog":true,"showMaterialUpdate":false,"showSkybox":true,"showFlares":true,"showImageEffects":true,"showParticleSystems":true},"in2DMode":false,"pivot":{"x":450.98394775390627,"y":187.3575897216797,"z":0.45745849609375},"rotation":{"x":0.0015091556124389172,"y":0.0011956248199567199,"z":-0.0000020452612261578908,"w":0.9999982118606567},"size":503.30291748046877,"orthographic":false}