{"cameraMode":{"drawMode":0,"name":"Shaded","section":"Shading Mode"},"sceneLighting":false,"audioPlay":false,"sceneViewState":{"showFog":true,"showMaterialUpdate":false,"showSkybox":true,"showFlares":true,"showImageEffects":true,"showParticleSystems":true},"in2DMode":false,"pivot":{"x":0.9314670562744141,"y":1.3349562883377076,"z":0.4403536915779114},"rotation":{"x":0.025506382808089258,"y":-0.006302657071501017,"z":0.00016072455036919564,"w":0.9996548295021057},"size":10.376046180725098,"orthographic":false}