{"cameraMode":{"drawMode":0,"name":"Shaded","section":"Shading Mode"},"sceneLighting":false,"audioPlay":false,"sceneViewState":{"showFog":true,"showMaterialUpdate":false,"showSkybox":true,"showFlares":true,"showImageEffects":true,"showParticleSystems":true},"in2DMode":false,"pivot":{"x":0.13309243321418763,"y":0.5078922510147095,"z":0.0070950984954833988},"rotation":{"x":0.025506382808089258,"y":-0.006302657071501017,"z":0.00016072455036919564,"w":0.9996548295021057},"size":3.101774215698242,"orthographic":false}