{"cameraMode":{"drawMode":0,"name":"Shaded","section":"Shading Mode"},"sceneLighting":true,"audioPlay":false,"sceneViewState":{"showFog":true,"showMaterialUpdate":false,"showSkybox":true,"showFlares":true,"showImageEffects":true,"showParticleSystems":true},"in2DMode":false,"pivot":{"x":-0.3289980888366699,"y":0.12622833251953126,"z":0.6280908584594727},"rotation":{"x":0.6041916012763977,"y":-0.07877464592456818,"z":0.06019693985581398,"w":0.7906474471092224},"size":24.845767974853517,"orthographic":false}