{"cameraMode":{"drawMode":0,"name":"Shaded","section":"Shading Mode"},"sceneLighting":false,"audioPlay":false,"sceneViewState":{"showFog":true,"showMaterialUpdate":false,"showSkybox":true,"showFlares":true,"showImageEffects":true,"showParticleSystems":true},"in2DMode":false,"pivot":{"x":706.4434814453125,"y":225.81536865234376,"z":13.18345832824707},"rotation":{"x":-0.0014907473232597113,"y":0.011695233173668385,"z":0.000017204507457790896,"w":0.9999305009841919},"size":735.9010009765625,"orthographic":false}