{"cameraMode":{"drawMode":0,"name":"Shaded","section":"Shading Mode"},"sceneLighting":true,"audioPlay":false,"sceneViewState":{"showFog":true,"showMaterialUpdate":false,"showSkybox":true,"showFlares":true,"showImageEffects":true,"showParticleSystems":true},"in2DMode":false,"pivot":{"x":408.1692810058594,"y":191.8909912109375,"z":-2.564849853515625},"rotation":{"x":0.019807519391179086,"y":-0.008704022504389286,"z":0.000171861654962413,"w":0.999765932559967},"size":372.7685852050781,"orthographic":false}