{"cameraMode":{"drawMode":0,"name":"Shaded","section":"Shading Mode"},"sceneLighting":false,"audioPlay":false,"sceneViewState":{"showFog":true,"showMaterialUpdate":false,"showSkybox":true,"showFlares":true,"showImageEffects":true,"showParticleSystems":true},"in2DMode":false,"pivot":{"x":484.7097473144531,"y":221.55294799804688,"z":-81.251953125},"rotation":{"x":0.016808725893497468,"y":0.0017939419485628605,"z":-0.00003073606421821751,"w":0.9998571276664734},"size":463.246337890625,"orthographic":false}