{"cameraMode":{"drawMode":0,"name":"Shaded","section":"Shading Mode"},"sceneLighting":true,"audioPlay":false,"sceneViewState":{"showFog":true,"showMaterialUpdate":false,"showSkybox":true,"showFlares":true,"showImageEffects":true,"showParticleSystems":true},"in2DMode":false,"pivot":{"x":450.5105285644531,"y":303.9858093261719,"z":-513.4440307617188},"rotation":{"x":0.05547386780381203,"y":0.016169602051377298,"z":-0.000898581522051245,"w":0.9983288049697876},"size":238.58045959472657,"orthographic":false}