{"cameraMode":{"drawMode":0,"name":"Shaded","section":"Shading Mode"},"sceneLighting":false,"audioPlay":false,"sceneViewState":{"showFog":true,"showMaterialUpdate":false,"showSkybox":true,"showFlares":true,"showImageEffects":true,"showParticleSystems":true},"in2DMode":false,"pivot":{"x":2.1500000953674318,"y":1.0199999809265137,"z":0.0},"rotation":{"x":0.10151542723178864,"y":-0.44844433665275576,"z":0.05134965106844902,"w":0.8865413665771484},"size":2.356672763824463,"orthographic":false}