{"cameraMode":{"drawMode":0,"name":"Shaded","section":"Shading Mode"},"sceneLighting":false,"audioPlay":false,"sceneViewState":{"showFog":true,"showMaterialUpdate":false,"showSkybox":true,"showFlares":true,"showImageEffects":true,"showParticleSystems":true},"in2DMode":false,"pivot":{"x":0.2753170430660248,"y":0.9426703453063965,"z":0.06664454936981201},"rotation":{"x":0.025506382808089258,"y":-0.006302657071501017,"z":0.00016072455036919564,"w":0.9996548295021057},"size":6.447896480560303,"orthographic":false}