{"cameraMode":{"drawMode":0,"name":"Shaded","section":"Shading Mode"},"sceneLighting":false,"audioPlay":false,"sceneViewState":{"showFog":true,"showMaterialUpdate":false,"showSkybox":true,"showFlares":true,"showImageEffects":true,"showParticleSystems":true},"in2DMode":false,"pivot":{"x":-0.1516929566860199,"y":0.7567977905273438,"z":0.324015736579895},"rotation":{"x":0.025506382808089258,"y":-0.006302657071501017,"z":0.00016072455036919564,"w":0.9996548295021057},"size":7.749394416809082,"orthographic":false}