{"cameraMode":{"drawMode":0,"name":"Shaded","section":"Shading Mode"},"sceneLighting":false,"audioPlay":false,"sceneViewState":{"showFog":true,"showMaterialUpdate":false,"showSkybox":true,"showFlares":true,"showImageEffects":true,"showParticleSystems":true},"in2DMode":false,"pivot":{"x":0.9087597131729126,"y":-1.7999202013015748,"z":2.37300705909729},"rotation":{"x":0.19874277710914613,"y":0.7737269997596741,"z":-0.29256758093833926,"w":0.5255968570709229},"size":2.6932590007781984,"orthographic":false}