{"cameraMode":{"drawMode":0,"name":"Shaded","section":"Shading Mode"},"sceneLighting":false,"audioPlay":false,"sceneViewState":{"showFog":true,"showMaterialUpdate":false,"showSkybox":true,"showFlares":true,"showImageEffects":true,"showParticleSystems":true},"in2DMode":false,"pivot":{"x":0.9314670562744141,"y":1.3349562883377076,"z":0.4403536915779114},"rotation":{"x":0.19874277710914613,"y":0.7737269997596741,"z":-0.29256758093833926,"w":0.5255968570709229},"size":10.376046180725098,"orthographic":false}