{"cameraMode":{"drawMode":0,"name":"Shaded","section":"Shading Mode"},"sceneLighting":false,"audioPlay":false,"sceneViewState":{"showFog":true,"showMaterialUpdate":false,"showSkybox":true,"showFlares":true,"showImageEffects":true,"showParticleSystems":true},"in2DMode":false,"pivot":{"x":-0.5109920501708984,"y":0.20043957233428956,"z":-0.14983856678009034},"rotation":{"x":-0.30039772391319277,"y":0.2772955596446991,"z":-0.0917397141456604,"w":-0.9079935550689697},"size":1.8905057907104493,"orthographic":false}