{"cameraMode":{"drawMode":0,"name":"Shaded","section":"Shading Mode"},"sceneLighting":false,"audioPlay":false,"sceneViewState":{"showFog":true,"showMaterialUpdate":false,"showSkybox":true,"showFlares":true,"showImageEffects":true,"showParticleSystems":true},"in2DMode":false,"pivot":{"x":0.0,"y":0.20000000298023225,"z":0.09999999403953552},"rotation":{"x":0.2157251238822937,"y":0.025477897375822068,"z":-0.005630750674754381,"w":0.9761055111885071},"size":1.36062490940094,"orthographic":false}