{"cameraMode":{"drawMode":0,"name":"Shaded","section":"Shading Mode"},"sceneLighting":false,"audioPlay":false,"sceneViewState":{"showFog":true,"showMaterialUpdate":false,"showSkybox":true,"showFlares":true,"showImageEffects":true,"showParticleSystems":true},"in2DMode":false,"pivot":{"x":2.1500000953674318,"y":1.0199999809265137,"z":0.0},"rotation":{"x":0.001408292562700808,"y":0.9985511898994446,"z":-0.04227349907159805,"w":0.03326499089598656},"size":2.356672763824463,"orthographic":false}