{"cameraMode":{"drawMode":0,"name":"Shaded","section":"Shading Mode"},"sceneLighting":false,"audioPlay":false,"sceneViewState":{"showFog":true,"showMaterialUpdate":false,"showSkybox":true,"showFlares":true,"showImageEffects":true,"showParticleSystems":true},"in2DMode":false,"pivot":{"x":-0.04065614938735962,"y":0.1552899181842804,"z":-0.04823020100593567},"rotation":{"x":0.001408292562700808,"y":0.9985511898994446,"z":-0.04227349907159805,"w":0.03326499089598656},"size":1.7241888046264649,"orthographic":false}