{"cameraMode":{"drawMode":0,"name":"Shaded","section":"Shading Mode"},"sceneLighting":true,"audioPlay":false,"sceneViewState":{"showFog":true,"showMaterialUpdate":false,"showSkybox":true,"showFlares":true,"showImageEffects":true,"showParticleSystems":true},"in2DMode":false,"pivot":{"x":18.714397430419923,"y":7.232426643371582,"z":13.938131332397461},"rotation":{"x":0.013962936587631703,"y":0.9851555824279785,"z":-0.09815829992294312,"w":0.14013731479644776},"size":10.0,"orthographic":false}