{"cameraMode":{"drawMode":0,"name":"Shaded","section":"Shading Mode"},"sceneLighting":false,"audioPlay":false,"sceneViewState":{"showFog":true,"showMaterialUpdate":false,"showSkybox":true,"showFlares":true,"showImageEffects":true,"showParticleSystems":true},"in2DMode":false,"pivot":{"x":-163.71102905273438,"y":-58.22705078125,"z":-27.096759796142579},"rotation":{"x":0.11087809503078461,"y":-0.7529477477073669,"z":0.13142791390419007,"w":0.6352185010910034},"size":182.351318359375,"orthographic":false}