{"cameraMode":{"drawMode":0,"name":"Shaded","section":"Shading Mode"},"sceneLighting":false,"audioPlay":false,"sceneViewState":{"showFog":true,"showMaterialUpdate":false,"showSkybox":true,"showFlares":true,"showImageEffects":true,"showParticleSystems":true},"in2DMode":false,"pivot":{"x":2.677839994430542,"y":1.168236494064331,"z":0.08841753005981446},"rotation":{"x":0.0015865033492445946,"y":0.9891130328178406,"z":-0.010692288167774678,"w":0.1467602699995041},"size":2.356672763824463,"orthographic":false}