{"cameraMode":{"drawMode":0,"name":"Shaded","section":"Shading Mode"},"sceneLighting":false,"audioPlay":false,"sceneViewState":{"showFog":true,"showMaterialUpdate":false,"showSkybox":true,"showFlares":true,"showImageEffects":true,"showParticleSystems":true},"in2DMode":false,"pivot":{"x":-4.306394577026367,"y":-5.582815647125244,"z":-44.66047668457031},"rotation":{"x":-0.0019526192918419839,"y":0.9972025156021118,"z":-0.06922660022974014,"w":-0.02812759019434452},"size":57.54323959350586,"orthographic":false}