{"cameraMode":{"drawMode":0,"name":"Shaded","section":"Shading Mode"},"sceneLighting":true,"audioPlay":false,"sceneViewState":{"showFog":true,"showMaterialUpdate":false,"showSkybox":true,"showFlares":true,"showImageEffects":true,"showParticleSystems":true},"in2DMode":false,"pivot":{"x":-0.4153621196746826,"y":-9.918526649475098,"z":10.956010818481446},"rotation":{"x":-0.345255047082901,"y":0.00029146214365027845,"z":-0.00010750335786724463,"w":-0.9385088682174683},"size":32.87004852294922,"orthographic":false}