{"cameraMode":{"drawMode":0,"name":"Shaded","section":"Shading Mode"},"sceneLighting":false,"audioPlay":false,"sceneViewState":{"showFog":true,"showMaterialUpdate":false,"showSkybox":true,"showFlares":true,"showImageEffects":true,"showParticleSystems":true},"in2DMode":false,"pivot":{"x":586.8809814453125,"y":470.3360595703125,"z":7.483794689178467},"rotation":{"x":0.007788103073835373,"y":0.018008876591920854,"z":0.00014022979303263128,"w":-0.9998074769973755},"size":786.6975708007813,"orthographic":false}